video_filename,description
04c1ec25e63edc25183d243a6202e9afd39d6d867a803499cb5b318ee3e8fb46.mp4,"The video features two main objects in a bright, simulated outdoor environment with a white ground and a blue sky: a large, textured wooden block or plank and two geometric pyramids, one black and one pink, with the black pyramid positioned in front of the pink one.

At the beginning, the wooden block stands vertically on the right side of the frame, towering over the scene. To its left, the pyramid sits on the white ground. The camera immediately begins a swift, circling motion around the wooden block. As the view rotates, the camera moves extremely close to the wood's surface, filling the frame with the details of its grain and texture.

During this close-up rotation, a dark, circular knot or hole becomes visible on the side of the wooden block. The camera continues to pan across the wood’s surface, moving from one side to the other. Eventually, the camera pulls back and completes its rotation around the block. As the view returns to a wider angle, the pyramid comes back into view on the left side, now showing the pink pyramid positioned in front of the black one. The wooden block remains stationary on the right, framing the shot as the video ends."
080aeff0ac23509a53bee6f685f5e8ca88fa0e7231786a4e9c29d3748a152370.mp4,"The video features an open wooden box with distinct grain patterns on all sides. Initially, the camera looks down into the box from a high angle. The interior of the box is split visually by lighting; the left side and bottom are brightly illuminated, while the right side and the upper right corner are cast in a deep, sharp shadow.

The camera then zooms out and tilts upward, revealing the exterior edges of the box against a backdrop of a white ground and a blue sky with some clouds. The wooden walls of the box occupy the lower portion of the frame during this sequence, stretching across the screen.

After a few moments, the view abruptly cuts back to the interior of the box, looking straight down. A bright green cone appears in the center of the illuminated section of the box floor. The cone sits upright with its point facing the camera. To the left of the cone, a dark, triangular shadow is cast onto the wooden floor, indicating a light source from the right. The cone remains stationary in the center of the box for the remainder of the video."
0f8eb818bd7bed48614d6572dc54034f8cb40c3f616c098fcdc95273d624f878.mp4,"The video features a wooden box structure and a pink cylinder object.

Initially, the camera is positioned inside a rough, wooden rectangular structure, looking down or across at its interior surfaces. The walls are textured with a wood grain pattern, and there is a distinct shadow cast across the right side of the box's interior, creating a sharp diagonal line between light and dark areas.

Then, the camera angle shifts abruptly, moving outside the box to show a wide view of the wooden structure set against a backdrop of a blue sky with white clouds and a distant horizon line. The top edge of the wooden box is visible in the foreground.

Subsequently, a bright pink cylinder suddenly appears, falling vertically from the top of the frame into the wooden box. It moves downward until it is partially visible above the box's rim, centered within the frame against the sky.

Following this, the pink cylinder disappears, and the view returns to the empty wooden box against the sky.

Afterward, the perspective returns to the interior view seen at the beginning. The pink cylinder is now present inside the box. It appears on the floor of the box, initially obscured by shadow. It then seems to slide or move slightly across the wooden surface, casting a dark, circular shadow beneath it. Finally, the pink cylinder rests near the left wall of the box, brightly illuminated against the wooden texture and the dark shadowed area to the right."
1002905319b0ac6476b10fb962d1c82fc03666324e5fe26435bb66620eebf17a.mp4,"The video begins with a view of a bright pink pyramid sitting on a vast, flat white plane beneath a blue sky with scattered clouds. To the right of the frame, a tall, vertical wooden structure dominates the foreground, partially obscuring the view.

The camera then begins a rapid movement, rotating around or passing very close to the wooden object. As the view shifts, the wooden surface fills the entire screen, showing its light brown, grainy texture and dark knots. The camera continues to pan and rotate, revealing the corner and side of the wooden object.

As the camera completes its rotation around the wooden block, the view opens up again to reveal the white plane and blue sky. However, the pink pyramid is no longer visible. Instead, a bright yellow cube is now sitting on the white ground in roughly the same central position where the pyramid was previously located. The wooden structure remains on the right side of the frame, framing the shot as the video ends with the yellow cube stationary in the distance."
1196c2cd68ae478556d3c4ba8a555387999b90cd11b55956b5134dcfb25c142a.mp4,"The video features two hot air balloons floating in a bright environment with a white ground, a white sky, and distant greyish-brown mountains.

Initially, the two balloons are positioned side-by-side in the frame. The balloon on the left features a pattern of twisting red, white, and teal stripes, while the balloon on the right is larger and closer to the viewer, featuring a diamond-checkered pattern in the same colors. Both balloons have dark brown rectangular baskets suspended below them. At the start, the basket of the right-hand balloon contains a bright pink sphere resting on its floor, while the left basket appears empty.

Then, the camera perspective shifts as both hot air balloons begin to rise vertically. As they ascend, they move toward the top corners of the frame, gradually revealing more of the vast white expanse below and the mountain range on the horizon. During this upward movement, the pink sphere remains visible inside the right-hand basket.

Subsequently, the balloons reach a peak and begin to descend back toward their original positions. As they lower back into the center of the frame, the camera angle offers a clearer view into the baskets.

Finally, once the balloons have returned to a lower altitude, it is revealed that the pink sphere has remained securely in the right basket throughout the motion. The video ends with the two balloons swaying gently, maintaining their relative positions, with the pink sphere still prominently displayed in the foreground basket."
122a7317bbce4f18c2554ca0cd86c6088d992cac89084af979d25a7e11f14ee5.mp4,"The video features a large teacup ride structure set in a bright, simulated outdoor environment with a white ground, a blue sky with scattered clouds, and distant mountains. Initially, a white teacup with ornate red patterns sits centered in the frame on a matching circular saucer. The teacup has a distinct opening on one side featuring a black metal gate, and through this gate, the interior of the cup appears empty.

Subsequently, the entire teacup and saucer assembly begins to rotate clockwise. As the object turns, the gated opening disappears from view, revealing the smooth outer surface of the cup, its red decorative flourishes, and the handle. Following this movement, as the teacup completes its rotation and the gated opening returns to the front, a large, bright pink sphere is revealed to be inside the cup. Finally, the rotation ceases, and the video ends with the pink sphere sitting prominently behind the black gate, centered within the frame."
132d3091c53527e3154bfd0c98526b64a7a6f35e6d5b918944066174bbb054c9.mp4,"The video features a yellow cube and a large wooden block set in a bright, simulated outdoor environment with a white ground and a blue sky. Initially, the yellow cube is stationary in the center of the frame, positioned in the distance, while the large, rectangular wooden block is positioned to the right, dominating the foreground.

Subsequently, the camera begins to pan rapidly to the right, causing the wooden block to sweep across the screen from right to left. As the perspective shifts, the large surface area of the wood fills the frame, temporarily obscuring the background and the central objects. The detailed texture and grain of the wood are clearly visible as the camera moves past it.

Following this, the camera pans back to its original central position. Once the wooden block is no longer obstructing the view, it is revealed that the yellow cube is no longer present. In its place, located in the same central position on the white ground, is a pink triangle. The video ends with the pink triangle remaining stationary in the center, while the wooden block is again positioned to the right of the frame."
15660a01d0da7716e38af417e52a61f9c31148b5b4eabc1850b49cab6692f40d.mp4,"The video features a large teacup ride structure set in a bright, simulated outdoor environment with a white ground, a blue sky with scattered clouds, and distant mountains. Initially, a white teacup with ornate red patterns sits centered in the frame on a matching circular saucer. The teacup has a distinct opening on one side featuring a black metal gate, and through this gate, a large black sphere is visible resting inside the cup.

Subsequently, the entire teacup and saucer assembly begins to rotate clockwise. As the object turns, the gated opening disappears from view, revealing the smooth outer surface of the cup, its red decorative flourishes, and the handle. Following this movement, as the teacup completes its rotation and the gated opening returns to the front, the black sphere is revealed to have remained in its position inside the cup. Finally, the rotation ceases, and the video ends with the black sphere sitting prominently behind the black gate, centered within the frame."
179cfd14e886bc12ef1ac9ce585036c182bff50870eb0e1f382198f41b195012.mp4,"The video features two open square wooden boxes and a bright yellow cylinder set in a minimalist, bright simulated outdoor environment characterized by a white ground and a clear blue sky. Initially, the scene is presented from a high-angle, top-down perspective, where the two identical wooden boxes are positioned side-by-side in the center of the frame, separated only by a narrow vertical gap. Both boxes are empty at the start, with the light-colored wood grain and the interior shadows clearly visible under the bright illumination.

As the video progresses, the camera executes a smooth transition, panning downward and tilting to a side-level perspective. During this shift in viewpoint, the bright yellow cylinder enters the frame from the upper-left region and begins to fall. As the camera angle continues to rotate, the cylinder completes its vertical descent, landing precisely within the interior of the wooden box on the right. The movement of the camera and the falling trajectory of the object occur simultaneously, emphasizing the spatial distance between the starting point of the cylinder and its final destination.

Finally, the camera pans back to its original top-down orientation. This restored perspective reveals that the yellow cylinder is now resting stationary at the bottom of the right-hand wooden box, while the left-hand box remains completely empty. The wooden structures remain fixed to the white ground throughout the entire sequence, with the primary dynamic elements being the falling motion of the cylinder and the shifting perspective of the camera."
19106a00496b4b5b291670f8ee463daaf95ed17f958e3ebdaa383a7e197ecbe6.mp4,"The video features a hot air balloon with a red, white, and blue striped envelope and a textured wicker basket set in a bright, simulated outdoor environment characterized by a white ground and a clear blue sky. At the start, the camera is positioned at a high angle, peering down into the basket where a bright green sphere sits stationary. The basket is suspended directly beneath the balloon's envelope by several ropes, and a dark, rounded shadow of the entire structure is cast onto the white ground below. As the scene unfolds, the camera begins to pull back and tilt downward, expanding the field of view to show the basket hovering steadily in the air.

Subsequently, the hot air balloon begins a vertical ascent, moving upward until the basket and the green sphere inside disappear beyond the top edge of the frame, while its shadow remains clearly visible on the ground. Following this upward movement, the balloon reverses its course and descends back into the frame. The video concludes with the camera returning to its original high-angle position, focusing once more on the green sphere as it remains resting securely inside the basket, with the balloon stabilized in its initial hovering state above the white surface."
1e6a916963d5ba5f72e51b8bd5d93e4343457265d9541d1032d6c87bfbd7e466.mp4,"The video features a large, rectangular wooden block and a solid black cube situated in a bright, simulated outdoor environment with a white ground plane and a blue sky with light clouds. Initially, the camera focuses on the side of the wooden block, which stands vertically on the right side of the frame and occupies most of the view, showcasing its distinct vertical wood grain texture.

As the scene unfolds, the camera begins to rotate around the wooden block, shifting the perspective to reveal a handle attached near the top edge of its side. This movement gradually uncovers the full scale of the block, showing it to be a long, box-like structure. 

Subsequently, the rotation continues until the camera pans past the block to reveal the area previously hidden from view. As the wooden block moves toward the far right edge of the frame, a stationary black cube is revealed on the left side, resting on the white ground and providing a sharp contrast to the bright environment. The video concludes with a static shot where the black cube remains on the left and the edge of the wooden block frames the right side, while the open sky and white ground occupy the center of the frame."
253669d6414066fd0c1ca625716d672344c3be36b735f56da5695bf8c3ba42ac.mp4,"The video primarily features two objects: two light-colored wooden boxes connected by metal hinges, with their lids open. The left box is initially positioned next to the right box, with a small gap between them, through which a blue sky background is visible.

At the beginning of the video, the camera is positioned above, looking down at the two empty wooden boxes lying flat. The camera quickly zooms out and tilts downwards, changing the perspective from a vertical overhead view to a side view, where the top edges of the boxes meet the horizon. Simultaneously with this perspective change, a bright yellow cylindrical object falls from the upper left of the screen.

The yellow cylinder falls vertically, aiming for the gap between the two boxes. It passes over the top edges of the wooden boxes and lands in the left box.

Subsequently, the camera moves in reverse, tilting upwards and zooming in, returning to the initial overhead perspective. Once the image stabilizes, the yellow cylinder can be seen lying motionless at the bottom of the left wooden box, while the right box remains empty. Throughout the entire process, the metal hinges connecting the two boxes remain in the gap between them."
277f8147b3a594c33d313f1e8c7000d545990379dc9d6c1fb13b626320474259.mp4,"The video displays a 3D model of a hot air balloon, composed of two main parts: a large inflatable balloon (the envelope) and a basket suspended beneath it. The envelope is decorated with alternating red, white, and blue vertical stripes that spiral slightly upwards. The envelope is connected to the basket by a framework of slender, dark rods or ropes. The basket is rectangular, with a surface texture resembling woven wicker, and several sandbags are attached to its outer corners. A bright green sphere is visible inside the basket.

At the beginning of the video, the camera is positioned directly below the balloon, shooting upwards towards the inside of the envelope and the basket. From this perspective, the basket is centered in the frame, with the brightly colored balloon expanding outwards above it. The entire apparatus casts a clear, dark shadow on the white ground below.

As the video progresses, the camera performs a smooth orbiting motion. It moves from below the balloon to the side, eventually positioning itself slightly above the basket. During this process, the spatial relationship between the balloon and its shadow changes; the shadow, initially directly beneath the basket, appears to stretch and move to the side as the camera's perspective shifts. The green sphere inside the basket remains stationary relative to the basket itself. The balloon and basket rotate slowly as a unit, allowing different sides of the striped envelope and wicker basket to be shown. Throughout the rotation, the green sphere remains stationary inside the basket."
29bb6f59e9c8765baae0c990187513b0de320037b1d1408540ebf5ed046387c3.mp4,"The video begins with an interior view of a light-colored wooden box, looking directly down at its bottom panel. The structure consists of four vertical walls and a floor, all featuring visible natural grain patterns. The left side of the interior floor and the corresponding wall are brightly illuminated by sunlight, while the right side is engulfed in a sharp, dark shadow, creating a perfectly straight vertical line of contrast. As the scene unfolds, the camera gradually zooms out and tilts upward to reveal the top edges of the box's walls.

Subsequently, the perspective shifts abruptly to an exterior view, with the camera positioned just above the top rim of the structure. Looking outward, the horizontal top edge and the outer surface of the wooden wall dominate the foreground. Beyond the wooden frame, a vast, flat white landscape stretches toward the horizon under a blue sky dotted with scattered clouds, with faint mountain ranges visible in the far distance. During this portion of the video, the camera remains relatively steady, keeping its focus on the expansive horizon beyond the box's edge.

Finally, the view cuts back to the interior of the box from a slightly higher angle than before, looking down into the empty central space. The sharp contrast between the sunlit left side and the shadowed right side remains consistent. The camera slowly pulls away from the interior, zooming out until the sequence concludes. Throughout the entire video, the wooden structure remains completely stationary on the ground, and the lighting conditions stay fixed."
2d5ff2200633c95f6982e7971f2960fd2a83432f510ac3b1d45722b15c9f1f83.mp4,"The video primarily features two objects: a large, light-colored wooden board and a smaller black cube, both placed in a brightly lit, simulated outdoor environment with a white ground and blue sky. Initially, the black cube is positioned on the left side of the frame, while the tall wooden board occupies the right side. The camera begins to move horizontally, panning towards the wooden board, causing the black cube to gradually move out of the left side of the frame.

As the camera continues to move towards the board, the perspective shifts beyond the initial corner, revealing a handle on the far surface of the board. When the camera reaches this new vantage point, the texture details and rectangular structure of the board become the focal point of the frame.

Subsequently, the camera reverses direction, panning back to its original starting position. As the perspective returns, the wooden board remains stationary on the right side of the frame. At the end of the video, the camera is back in its initial position, and the frame shows that the black cube is no longer on the white ground, leaving only an empty horizon on the left side of the frame."
2d71c4ce1323eeb92ec1239286a974dd24285931f8e158099b92dfb03fe7e5bd.mp4,"The video shows a rotating teacup amusement ride, consisting of a large, white decorative teacup adorned with ornate red scroll patterns, resting on a matching circular saucer. The entire structure is situated on a vast, flat white surface, with a blue sky and distant mountains in the background. A bright, shimmering magenta sphere is positioned in the center of the teacup's hollow interior, visible through a black metal grate in an opening on the side of the teacup.

Initially, the teacup is stationary, with the grate and magenta sphere facing the viewer. Then, the teacup begins to rotate counter-clockwise, while the saucer remains still. As the teacup rotates, the grate and magenta sphere move out of frame to the left. The rotation continues, and the teacup's white and red handle appears from the right side of the frame and sweeps across the screen, followed by the continuous scroll pattern on the back of the teacup.

Subsequently, as the handle moves out of frame to the left, the left side of the teacup comes into view. After the teacup completes a full rotation, the black grate and magenta sphere reappear from the right side of the frame. Finally, the teacup slows down and returns to its original starting position, eventually coming to a complete stop, with the grate and magenta sphere once again facing the viewer. Throughout the entire process, the magenta sphere remains trapped inside the teacup, perfectly synchronized with its rotation."
34bccc188f289d984d88c24bd7a071de06dbb7d26d78cab14f1639851c41df24.mp4,"The video primarily features three objects: a large, textured wooden block, a black pyramid-shaped object, and a pink pyramid-shaped object. The scene appears to be a vast white plane with a blue sky and scattered clouds above.

The camera initially focuses on the right side of the wooden block, with the two geometric pyramids in the background to its left. The pink geometric pyramid is in front, and the black geometric pyramid is behind it. The wooden block remains stationary and is positioned vertically. The camera then quickly zooms in and pans to the left, getting very close to the surface of the wooden block, filling the frame with its texture and details.

Subsequently, the camera continues to pan and rotate around the wooden block at close range. As the viewpoint moves across the surface of the block, a circular black hole or knot appears on its side. The camera sweeps past this feature, maintaining a close-up view of the wood grain, effectively obscuring the background and the pyramids.

Next, the camera pulls back and rotates, revealing the complete structure of the wooden block again. As the viewpoint changes, the pyramids reappear behind the block. At this point, the position of the pyramids relative to the camera's direction has changed; the black geometric pyramid is now in front, and the pink geometric pyramid is behind it. The video ends with the wooden block stationary on the right and the two geometric pyramids stationary on the left."
40b790e8068d476218fd14a7d2217ffac7e8dd408df7b8f17d490f9f230e584c.mp4,"The video features two primary objects: a large, tall rectangular block with a light wooden texture and a smaller, bright yellow cube. The setting is a minimalist white ground plane under a blue sky with scattered clouds.

At the beginning, the wooden block stands vertically on the right side of the frame, occupying most of the vertical space. The yellow cube is positioned on the left side of the screen.

As the video progresses, the camera rotates rapidly around the wooden block. This action causes the wooden block to sweep across the screen, filling the entire field of view with its textured surface and temporarily obscuring the yellow cube and the background.

The rotation continues until the wooden block returns to a vertical position, similar to its starting state but slightly shifted. Once the block moves back to the right side of the frame, the yellow cube becomes visible again in the distance, remaining stationary in its original position on the white ground. The video ends with the wooden block on the right and the yellow cube on the left, mirroring the initial composition."
4cc16b464b92bba7f4db58971b5363596dc309e7275dd4533464b3b008db6896.mp4,"The video initially features a large, rectangular wooden crate, set against a background of white ground and a blue sky with light clouds. The scene begins with an interior view of the crate, highlighting the rough, light-brown grain of its floor and walls before the camera pulls back and upward to reveal the top edge of the structure and the open sky.

Subsequently, the camera moves to an exterior position, focusing on the front wooden face of the crate. At this point, a bright pink cylinder falls vertically from the top of the frame. As it descends, the cylinder is obscured by the front wall of the wooden box.

Following this, the perspective shifts back to a top-down view looking directly into the crate from above. This new angle reveals a light blue cube resting stationary on the crate's floor in the lower-left corner, casting a clear shadow against the interior wall. The video concludes with a static shot of the blue cube sitting within the crate, its top face tilted slightly toward the viewer."
561c3ba7ac9ffe1022b1e3ec8f74e80dc3d7d6d0e51bb5b97859145d63b8c140.mp4,"A digital 3D video shows a teacup-shaped amusement ride, positioned on a saucer against a backdrop of bright sunlight and a white ground. The main structure is a white teacup decorated with red spiral patterns. The teacup sits directly on a matching white saucer, which also features corresponding red patterns around its edge. One side of the teacup has an opening fitted with a black safety gate composed of vertical metal bars.

Initially, the teacup is stationary, facing forward, with the safety gate clearly visible in the center. A central steering wheel or column with a black sphere is visible inside the cup. The teacup then begins to rotate clockwise. As it rotates, the safety gate moves to the left, revealing the smooth, decorated surface of the teacup. The teacup's handle, a curved white shape, rotates into view from the right.

The rotation continues smoothly. The handle moves across the front of the screen from right to left. Eventually, the side without the safety gate rotates away, and the black safety gate re-enters the frame from the right. The teacup completes a full rotation, returning to its starting position with the safety gate facing forward again. Through the metal bars of the safety gate, a magenta sphere is now visible inside the cup, near the central column; this sphere was not clearly visible in the initial view. Throughout the entire process, the saucer below remains stationary."
5872c0227d8a4b65d765ea9da1a75c46ae6fb9812f89a1ebe494ba0c908c6517.mp4,"A digital 3D video shows a teacup-shaped amusement ride, positioned on a saucer against a backdrop of bright sunlight and a white ground. The main structure is a white teacup decorated with red spiral patterns. The teacup sits directly on a matching white saucer, which also features corresponding red patterns around its edge. One side of the teacup has an opening fitted with a black safety gate composed of vertical metal bars.

Initially, the teacup is stationary, facing forward, with the safety gate clearly visible in the center. A central steering wheel or column with a magenta sphere is visible inside the cup. The teacup then begins to rotate clockwise. As it rotates, the safety gate moves to the left, revealing the smooth, decorated surface of the teacup. The teacup's handle, a curved white shape, rotates into view from the right.

The rotation continues smoothly. The handle moves across the front of the screen from right to left. Eventually, the side without the safety gate rotates away, and the black safety gate re-enters the frame from the right. The teacup completes a full rotation, returning to its starting position with the safety gate facing forward again. Through the metal bars of the safety gate, a black sphere is now visible inside the cup, near the central column; this sphere was not clearly visible in the initial view. Throughout the entire process, the saucer below remains stationary."
591b1bcecd825582910166e4519a56ec3827838a7faf59237f5d7170565aba44.mp4,"The video features two open square wooden boxes and a bright yellow cylinder set in a minimalist, bright simulated outdoor environment characterized by a white ground and a clear blue sky. Initially, the scene is presented from a high-angle, top-down perspective, where the two identical wooden boxes are positioned side-by-side in the center of the frame, separated only by a narrow vertical gap. Both boxes are empty at the start, with the light-colored wood grain and the interior shadows clearly visible under the bright illumination.

As the video progresses, the camera executes a smooth transition, panning downward and tilting to a side-level perspective. During this shift in viewpoint, the bright yellow cylinder enters the frame from the upper-right region and begins to fall. As the camera angle continues to rotate, the cylinder completes its vertical descent, landing precisely within the interior of the wooden box on the left. The movement of the camera and the falling trajectory of the object occur simultaneously, emphasizing the spatial distance between the starting point of the cylinder and its final destination.

Finally, the camera pans back to its original top-down orientation. This restored perspective reveals that the yellow cylinder is now resting stationary at the bottom of the left-hand wooden box, while the right-hand box remains completely empty. The wooden structures remain fixed to the white ground throughout the entire sequence, with the primary dynamic elements being the falling motion of the cylinder and the shifting perspective of the camera."
613bda98c804e7e4c715ac5f7989e4314b788e582f99a585a7f364ffca1b69be.mp4,"This video shows a square wooden box with a light wood grain texture and its surroundings. The video begins with a top-down view looking vertically into the box. Strong sunlight shines in from one side, casting a sharp rectangular shadow on the bottom of the box, dividing the interior space in two. As the camera moves, the perspective gradually rises and shifts forward, moving over the edge of the box to reveal the exterior: the box is placed on a vast, flat white surface, with a blue sky and faintly visible mountain range on the horizon in the background. At this moment, a green cone suddenly falls vertically from the top of the screen, landing precisely inside the wooden box and immediately disappearing. The camera then continues to move, returning to directly above the wooden box, restoring the initial top-down view of the light and shadow distribution on the bottom of the box, which is now empty."
659834938f6b18cf5d6ba1514f2ae6047023bce59dcc6a09cec21a39d4ceeec5.mp4,"This video shows two teacups placed side-by-side on a vast white plain, against a backdrop of a clear blue sky and distant mountains. The teacups are off-white, decorated with red vine patterns, and each rests on a matching red-rimmed saucer. Notably, each cup has a rectangular cutout on its side, fitted with a black metal grate, resembling a small cage. At the beginning of the video, a green spherical object is clearly visible inside the grate of the right-hand teacup, while the left-hand cup is empty. The two teacups, along with their saucers, then begin to rotate horizontally around a vertical axis. As the rotation progresses, the grate openings on the cups gradually turn away from the camera and disappear from view. When the cups continue rotating and return to facing the camera, the green spherical object appears inside the grate opening of the left-hand cup, while the right-hand cup is now empty. The entire process, through the uniform rotation of the objects, creates a wondrous visual transfer in a tranquil outdoor setting."
6de22b6769adbcdf0ef1be6253f8cc5418e0c394d35771f463be632c6349cb01.mp4,"The video depicts a scene featuring a large rectangular wooden block, a pink triangle, a white ground plane, and a blue sky with clouds. Initially, the scene opens with the large, vertical wooden block positioned on the right side of the frame, while a small pink triangle sits stationary in the distant center on the white ground against the backdrop of the sky. Subsequently, the camera moves extremely close to the wooden block until the wood texture fills almost the entire frame and pans across its surface, which completely obscures the pink triangle and the horizon from view. Finally, the camera pulls back or rotates to return to the initial wide-shot perspective, revealing the wooden block on the right and the pink triangle in the distance once again. Throughout the entire sequence, both the wooden block and the pink triangle remain perfectly stationary, as the progression is driven solely by the camera moving from a distance to a close-up and back again."
7d58767ffb9d1beedffab7265c59911dcabe7eaec17e66729b7d2bff5ae0bd26.mp4,"The video displays a single, dominant object: a large, rectangular wooden box or crate, situated in a minimalist environment. The environment consists of a stark white ground plane extending to the horizon and a blue sky with scattered clouds above.

At the start of the video, the camera is positioned close to the side of the wooden box, showing only a vertical slice of its wood grain texture against the background. The box appears stationary on the white ground.

As the video progresses, the camera performs a steady rotational movement around the object. The view pans from right to left, revealing the corner and then the side of the box. A handle is attached to the upper section of the box's side. The handle is U-shaped and mounted flush against the wood.

The camera continues its orbit, moving past the handle and revealing the entire side face of the wooden crate. The texture of the wood is visible throughout, showing light vertical grain patterns. The spatial relationship between the box and the environment remains constant.

Towards the end of the video, the camera completes its pass of the side and moves toward the opposite edge, once again showing just a vertical slice of the wood before the object moves out of frame to the right, leaving only the white ground and blue sky visible. throughout the video, the lighting is bright and even, suggesting an outdoor setting."
7fa2f0ef29977cae919a48ff365c050338e494a850dd721083315044087819df.mp4,"The video features two large tea cups sitting on matching saucers, placed side-by-side on a reflective white surface under a blue sky with scattered clouds. The left cup and saucer are positioned on the left side of the frame, and the right cup and saucer are on the right side. Both cups are decorated with a red, swirled pattern.

From the beginning, both cups rotate slowly in a clockwise direction on their respective saucers. As they turn, different features of the cups are revealed. Initially, both cups show a section of their wall that has been replaced with black metal bars, resembling a cage door. Inside the right cup, a green spherical object is visible behind the bars; the interior of the left cup appears empty behind its bars.

As the rotation continues, the barred sections move out of view, revealing the standard white ceramic body with the red pattern. Soon, the handles of the cups come into view. The handle of the left cup passes across the front, followed by the handle of the right cup. By the end of the video, the cups have completed a full rotation, bringing the black barred sections back to the front. The green object remains visible inside the right cup's cage throughout the final segment."
837511d22de1e73f26aac1a815e25cbfdadef4c5b3a4926ea4bf217e7ac3c29d.mp4,"The video features two colorful hot air balloons set against a stark white background and a distant mountain range. Initially, the left balloon, which features a diamond-textured striped pattern of teal, white, and red, is positioned on the left side of the frame with a bright pink ring-shaped object clearly visible sitting inside its dark brown basket. The right balloon mirrors this position on the right side of the frame with a similar pattern of slightly brighter colors, though its basket starts out empty as both balloons hover and sway slightly while suspended by dark, twisted ropes. Subsequently, the camera angle shifts or the balloons move slightly upwards and outwards, revealing more of the white ground and the faint, greyish mountains in the background, during which time the pink object in the left basket disappears from view. After the view returns to a closer angle similar to the start, the left basket is shown to be empty. Finally, a pink spherical ball appears inside the basket of the right balloon as both balloons continue to hover gently in place against the horizon."
88fdec3b88f1f9df00b7f9cbd68f5e67f1a6fd53f5abb773d30d0f1cd0d89630.mp4,"At the beginning of the video, the camera pans over an empty wooden box, showing the interior corners and bottom surface. A large shadow is cast on the right side of the box's interior. The camera then quickly zooms out and upwards, revealing the top edge of the box against a background of blue sky, faint clouds, and a white horizon.

The camera remains in this position, focused on the top edge of the box. Suddenly, a cyan cube falls vertically from the top of the screen, landing inside the wooden box and disappearing from view.

Afterward, the camera moves again, zooming in and focusing on the inside of the box. Now, a bright pink sphere rests silently on the bottom of the box, which was previously empty. The sphere remains motionless and casts a clear black shadow on the bottom and left inner wall of the box. The video ends with this overhead shot of the pink sphere inside the wooden box."
89c5923fd9ffffab6e1460ac91309bbbfd03d19f41a08a9d8bfc304c25ef3b3e.mp4,"This video primarily showcases three objects: a large, textured wooden block, a black pyramid-shaped object, and a pink pyramid-shaped object. The background appears to be a vast white plane with a blue sky and scattered clouds above.

The camera initially focuses on the right side of the wooden block, with the two geometric pyramids positioned in the background to the left of the block. The black pyramid is in front, and the pink pyramid is behind it. The wooden block remains stationary, positioned vertically. The camera then quickly zooms in and pans to the left, getting very close to the surface of the block, filling the frame with the block's texture and details.

Next, the camera continues to pan and rotate around the block at close range. As the viewpoint moves across the block's surface, a circular black hole or knot appears on the side of the block. The camera sweeps past this feature, maintaining a close-up view of the wood grain, effectively obscuring the background and the pyramids.

Finally, the camera pulls back and rotates, revealing the complete structure of the wooden block again. As the perspective changes, the pyramids reappear behind the block. At this point, the black pyramid is still in front, and the pink pyramid is behind it. The video ends with the wooden block stationary on the right and the two pyramids stationary on the left."
937f0d80a7e74e320518efb7567f73d97cd2af601f5047e46015bd61e1ebe220.mp4,"In the video, two hot air balloons float in a bright environment, with the ground and sky appearing white, and distant mountains in shades of gray and brown.

Initially, the two hot air balloons appear side-by-side in the frame. The left balloon has a pattern of swirling red, white, and cyan stripes, while the right balloon, slightly larger and closer to the viewer, has a diamond-shaped checkered pattern in the same colors. Both balloons have dark brown rectangular baskets suspended beneath them. At the beginning of the video, a bright pink sphere is visible at the bottom of the right basket, while the left basket appears empty.

Subsequently, as the two hot air balloons begin to ascend vertically, the camera's perspective changes. They rise upwards, moving towards the top corners of the frame, gradually revealing the vast white ground below and the distant mountains. During the ascent, the pink sphere is gradually obscured by the basket's frame.

Next, the balloons reach their highest point and begin to descend, returning to their original positions. As they descend to the center of the frame, the camera angle provides a clearer view of the inside of the baskets.

Finally, as the balloons descend to a lower altitude, the pink sphere is visible in the left basket. At the end of the video, the two hot air balloons gently sway, maintaining their relative positions, with the pink sphere still prominently displayed in the left basket."
a193e9c4cad20c18e2d26cde21b574036509eb993bfa9a1f21432701f8972d7c.mp4,"In the video, two hot air balloons float in a bright environment, with the ground and sky appearing white, and distant mountains in a grayish-brown hue.

Initially, the two hot air balloons appear side-by-side in the frame. The left balloon features a pattern of distorted red, white, and cyan stripes, while the right balloon, slightly larger and closer to the viewer, has a diamond-shaped checkered pattern in the same colors. Both balloons have dark brown rectangular baskets suspended beneath them. At the beginning of the video, a bright pink sphere rests at the bottom of the left basket, while the right basket appears empty.

Subsequently, as the two hot air balloons begin to ascend vertically, the camera's perspective changes accordingly. They rise upwards, moving towards the top corners of the frame, gradually revealing the vast white ground below and the distant mountains. During the ascent, the pink sphere is gradually obscured by the basket's frame.

Next, the balloons reach their highest point and begin to descend, returning to their original positions. As they descend to the center of the frame, the camera angle provides a clearer view of the inside of the baskets.

Finally, as the balloons descend to a lower altitude, the pink sphere can be seen remaining steadily in the left basket throughout the process. At the end of the video, the two hot air balloons gently sway, maintaining their relative positions, with the pink sphere still prominently visible in the left basket."
aea1c46ab8601ecf3a03dff8c3e6108c0f1908ee0a75eb908dab95c8f10ffee0.mp4,"This video primarily showcases three objects: a large, textured block of wood, a black pyramid-shaped object, and a pink pyramid-shaped object. The background appears to be a vast white plane, with a blue sky and scattered clouds above.

The camera initially focuses on the right side of the wooden block, with the two geometric pyramids positioned in the background to the left of the block. The pink pyramid is in front, and the black pyramid is behind it. The wooden block remains stationary and is positioned vertically. The camera then quickly zooms in and pans to the left, getting very close to the surface of the wood, filling the frame with the texture and details of the block.

Next, the camera continues to pan and rotate around the wooden block at close range. As the viewpoint moves across the surface of the wood, a circular black hole or knot appears on the side of the block. The camera sweeps past this feature, maintaining a close-up view of the wood grain, effectively obscuring the background and the pyramids.

Finally, the camera pulls back and rotates, revealing the complete structure of the wooden block again. As the viewpoint changes, the pyramids reappear behind the block. At this point, the pink pyramid is still in front, and the black pyramid is behind it. The video ends with the wooden block stationary on the right and the two pyramids stationary on the left."
b1329f1f46961f2b4190e89137f81ec0c616d5ad41ec7e0b0541f244026c5441.mp4,"In the video, a large, brightly colored hot air balloon is set against a white background. The balloon itself (the envelope) is made of alternating vertical stripes of red, white, and blue fabric, interwoven with fine black ropes. A rectangular wicker basket is suspended below the envelope by thick support ropes. Initially, a bright green spherical object is visible inside the basket.

At the beginning of the video, the camera angle is high, looking down on the hot air balloon from above. The red, white, and blue envelope occupies most of the frame, positioned directly above the basket. The basket hangs below, connected by ropes, and casts a clear shadow on the ground. The green sphere rests motionless in the basket.

As the video progresses, the camera slowly pans downwards and zooms out. Relative to the camera's perspective, the hot air balloon moves upwards, revealing more of the basket and the empty space around it. Throughout this process, the envelope remains connected to the basket above. As the perspective lowers, the green object in the basket becomes obscured by the basket walls and is no longer visible. The basket sways slightly while suspended. The shadow on the ground changes shape and position as the angle changes, becoming longer. Finally, the camera angle moves upwards again, returning to a high-angle perspective, and the green object in the basket disappears, leaving the basket empty. Throughout the video, the hot air balloon remains the center of the frame, maintaining its vertical structure, with the envelope always positioned directly above the basket."
b8ef9a57b5fdc369c94d6e10f32503e3f70484ad1a30527c1609401f846113e0.mp4,"This video primarily showcases two objects: a large, clearly textured block of wood and a solid black cube. The background appears to be a vast white plane, with a blue sky and scattered clouds above.

The camera initially focuses on the right side of the wooden block, with the solid black cube positioned in the background to the left of the block. The wooden block remains stationary, positioned vertically. The camera then quickly zooms in and pans to the left, getting very close to the surface of the wood, filling the frame with the texture and details of the block.

Next, the camera continues to pan and rotate around the wooden block at close range. As the viewpoint moves across the surface of the wood, a circular black hole or knot appears on the side of the block. The camera sweeps past this feature, maintaining a close-up view of the wood grain, effectively obscuring the background and the cube.

Finally, the camera pulls back and rotates, revealing the complete structure of the wooden block again. As the perspective changes, the solid black cube reappears behind the wooden block. The video ends with the wooden block stationary on the right and the solid black cube stationary on the left."
bc9d04d6e6ce93ed0bcde6357e2c10f54334e47002dbf7cfaa195e613296d1b7.mp4,"The video shows a large teacup-shaped amusement ride situated in a bright, simulated outdoor environment with a white ground, a clear blue sky dotted with white clouds, and distant rolling hills. Initially, a white teacup with an intricate red pattern is centered in the frame, resting on a matching circular saucer. One side of the teacup has a unique opening fitted with a black metal grate door, through which a rose-colored spherical object can be seen inside the teacup.

Subsequently, the entire teacup and saucer begin to rotate clockwise. As the teacup rotates, the opening with the grate door gradually disappears from view, revealing the teacup's smooth outer surface, red decorative patterns, and handle. The teacup then completes a full rotation, and the opening with the grate door returns to the front, at which point the teacup is empty. Finally, the rotation stops, and the video ends."
c08b8ba3188ed519016203cebbba011a58245d7fd4cdb40cd911f0e15bb0883a.mp4,"The video features a hot air balloon rendered in a simple, low-poly style against a white background with a distant, pale blue horizon. The primary objects are the large balloon envelope, the basket (gondola) suspended beneath it, and the distinct shadows cast by these objects on the ground.

At the start of the video, the camera is positioned directly beneath the balloon, looking straight up into the envelope. The envelope is patterned with spiraling red, white, and blue stripes and has a visible internal structure of dark ribs. The basket is suspended below by thin dark ropes or cables. Inside the basket, a bright green sphere is visible.

As the video progresses, the camera pans downwards and zooms out, revealing the entire structure. The basket is rectangular, brown, and woven in texture, featuring sandbags hanging off its corners. It has a decorative pink patterned banner on its side. The green sphere inside the basket is clearly visible during the descent.

Around the middle of the video, the balloon appears to land or hover just above the white ground. The shadow of the balloon—a large, dark, circular shape—becomes prominent on the ground directly beneath the basket.

Towards the end of the video, the camera movement reverses. It zooms back in and pans upwards, returning to the initial perspective underneath the balloon. During this ascent, the green sphere inside the basket changes color to a bright orange. The video ends looking up into the interior of the striped balloon envelope again. Throughout the video, the balloon itself remains relatively stationary in terms of rotation, while the camera performs the movement to change the viewing angle."
c308dfea1753c78955f5fe9585752bda4b8099c970f342582b92d318a9e7b97d.mp4,"The video features a wooden box structure and a green cone.

Initially, the camera is positioned inside a rough, rectangular wooden structure, filming downwards or sideways at its interior surface. The walls have a wood grain texture, and a distinct shadow is cast on the right side of the box's interior, creating a clear diagonal line between the light and dark areas.

Then, the camera angle suddenly changes, moving outside the box to reveal a panoramic view of the wooden structure against a backdrop of blue sky, white clouds, and a distant horizon. The top edge of the wooden box is in the foreground of the frame.

Next, a green cone suddenly appears, falling vertically from the top of the frame into the wooden box. It moves downwards until it is partially visible above the edge of the box, positioned in the center of the frame against the sky background. The green cone then falls completely into the box and disappears from view.

Following this, the perspective returns to the initial interior view. The green cone is now visible inside the box. It appears at the bottom of the box. Finally, the green cone comes to rest near the center of the box, appearing brightly illuminated against the wood grain texture and the shadowed area on the right."
ca9ff607f474eed28a4c7d333572400f33b3a006bb91814a77b5fb5b753e2ef8.mp4,"This video showcases a hot air balloon rendered in a simple, low-polygon style, against a white background with a light blue horizon in the distance. The main objects include the large balloon itself, the basket suspended beneath it, and the distinct shadows these objects cast on the ground.

At the beginning of the video, the camera is positioned directly beneath the balloon, looking straight up at the balloon's sphere. The sphere is decorated with spiraling red, white, and blue stripes, and a dark internal skeletal structure is visible. The basket is suspended below by thin, dark ropes or cables. A bright orange sphere is visible inside the basket.

As the video progresses, the camera pans downwards and zooms out, revealing the entire structure of the balloon. The basket is rectangular, brown, with a woven texture, and sandbags are attached to its four corners. A pink patterned flag decorates the side of the basket. During the descent, the bright orange sphere inside the basket remains clearly visible.

Approximately halfway through the video, the balloon appears to land or hover just above the white ground. The balloon's shadow—a large, dark circle—becomes very prominent on the ground directly beneath the basket.

Towards the end of the video, the camera's movement reverses. The camera zooms in and pans upwards, returning to the initial perspective beneath the balloon. During this ascent, the bright orange sphere inside the basket changes to green. The video ends with the camera once again looking upwards at the interior of the striped balloon. Throughout the video, the balloon itself remains relatively stationary in terms of rotation, while the camera moves to change the perspective."
cd6736300dc251eb8dd1d86b54534b52cafee43bd68e9f927a5aac6a1c7249df.mp4,"The video features a wooden box structure and a bright, solid cyan-colored cube.

Initially, the camera is positioned inside a rough, rectangular wooden structure, filming downwards or sideways at its inner surfaces. The walls display a wood grain texture, and a distinct shadow is cast on the right side of the box's interior, creating a clear diagonal line between the light and dark areas.

Then, the camera angle suddenly changes, moving outside the box to reveal a panoramic view of the wooden structure against a backdrop of blue sky, white clouds, and a distant horizon. The top edge of the wooden box is in the foreground of the frame.

Next, a bright, solid cyan-colored cube suddenly appears, dropping vertically into the wooden box from the top of the frame. It moves downwards until it is partially visible above the edge of the box, positioned in the center of the frame against the sky. Then, the bright, solid cyan-colored cube falls completely into the box and disappears from the frame.

Afterward, the perspective returns to the initial interior view. The bright, solid cyan-colored cube is now visible inside the box. It appears at the bottom of the box. Finally, the bright, solid cyan-colored cube comes to rest near the left wall of the box, appearing particularly bright against the wood grain texture and the shadowed area on the right."
d386d692a5ed8bac3cc7facb605032f2de9a4a8a19561d98c1d9f7a760bdeea2.mp4,"This video showcases a hot air balloon rendered in a simple, low-polygon style, against a white background with a light blue horizon in the distance. The main objects include the large balloon itself, the basket suspended beneath it, and the distinct shadows these objects cast on the ground.

At the beginning of the video, the camera is positioned directly beneath the balloon, looking straight up at its spherical body. The sphere is decorated with spiraling red, white, and blue stripes, and a dark internal skeletal structure is visible. The basket is suspended below by thin, dark ropes or cables. The basket itself is empty.

As the video progresses, the camera pans downwards and zooms out, revealing the complete structure of the balloon. The basket is rectangular, brown, and has a woven texture, with sandbags attached to its four corners. A pink patterned flag adorns the side of the basket.

Approximately halfway through the video, the balloon appears to descend or hover above the white ground. The balloon's shadow—a large black circle—becomes very prominent on the ground directly beneath the basket.

Towards the end of the video, the camera's movement reverses. The camera zooms in and pans upwards, returning to the initial perspective beneath the balloon. Throughout this upward movement, the basket remains empty. The video concludes with the camera once again looking upwards at the interior of the striped balloon. Throughout the entire video, the balloon itself remains relatively stationary in terms of rotation, while the camera moves to change the perspective."
e27791affc0d85d89374a10a6e8f0930a2d0a009c0eaffd1a087928da0ebd1c4.mp4,"This video shows two open, square wooden boxes and a bright yellow cylinder placed in a minimalist, brightly lit simulated outdoor environment with a white ground and a clear blue sky. Initially, the scene is presented from a high-angle overhead perspective, with the two identical wooden boxes positioned side-by-side in the center of the frame, separated only by a narrow vertical gap. At the beginning, both boxes are empty, and the light-colored wood grain and internal shadows are clearly visible under the bright lighting.

As the video progresses, the camera smoothly pans and tilts downwards, switching to a side view. During this perspective shift, the bright yellow cylinder enters the frame from the upper right and begins to fall. As the camera angle continues to rotate, the cylinder completes its vertical descent, landing precisely inside the right-hand box. The camera movement and the object's trajectory occur simultaneously, highlighting the spatial distance between the cylinder's starting and final positions.

Finally, the camera pans back to the initial overhead perspective. From this perspective, the yellow cylinder can be seen resting motionless at the bottom of the right-hand box, while the left-hand box remains empty. Throughout the entire process, the wooden boxes remain fixed on the white ground; the main dynamic elements are the falling motion of the cylinder and the changing camera perspective."
e40af30878e19eaabac0ecfeb7654b844b830771357635b03af5f09fb1fc649c.mp4,"The video features a large, teacup-shaped amusement park ride, resting on a matching saucer. The teacup is white, with red decorative swirls and patterns painted on its exterior. It sits directly on a large, circular saucer, which is also white with red patterns along its edge. Through the black metal gate that serves as the entrance, the black central steering column inside the teacup is visible; the interior of the teacup is otherwise empty. The background of the entire setup is a clear blue sky dotted with scattered clouds, and a desolate landscape in the distance.

Throughout the video, the teacup rotates steadily counterclockwise around its vertical axis, while remaining centered on the stationary saucer. As the teacup rotates, different sides of it are revealed. Initially, the black entrance gate faces the viewer. As the teacup turns, the gate moves to the left and disappears from view, revealing the white body of the teacup with its red patterns. A large handle on the side of the teacup then rotates into view, sweeps across the front, and moves to the left. The rotation continues until the black entrance gate reappears on the right, eventually returning to its original position facing forward, revealing that the interior of the teacup remains empty. Throughout the entire rotation, the saucer below remains completely still."
e5b0981b36fc24321d8d3ff1729b0d995ff4b20a0f8c988b4b65fc6d54bf5cd9.mp4,"This video showcases a hot air balloon rendered in a simple, low-polygon style, against a white background with a light blue horizon in the distance. The main objects include the large balloon itself, the basket suspended beneath it, and the distinct shadows these objects cast on the ground.

At the beginning of the video, the camera is positioned directly beneath the balloon, looking straight up at its spherical body. The sphere is decorated with spiraling red, white, and blue stripes, and a dark skeletal structure is visible inside. The basket is suspended below by thin, dark ropes or cables. The basket is initially empty.

As the video progresses, the camera pans downwards and zooms out, revealing the complete structure of the balloon. The basket is rectangular, brown, and has a woven texture, with sandbags tied to its four corners. A pink patterned flag adorns the side of the basket. Throughout this descent, the basket remains empty.

Approximately halfway through the video, the balloon appears to land or hover above the white ground. The balloon's shadow—a large black circle—becomes very prominent on the ground directly beneath the basket.

Towards the end of the video, the camera's movement reverses. The camera zooms in and pans upwards, returning to the initial perspective beneath the balloon. During this ascent, a green sphere appears inside the basket. As the video ends, the green sphere is clearly visible and stationary within the basket."
e853c91d323330848e8f6bad3617cbfa2afa2cbc3698a7ff13db2a4b45206e73.mp4,"This video shows two teacups placed side-by-side on a vast white plain, against a backdrop of a clear blue sky and distant mountains. The teacups are off-white and decorated with a red vine pattern, each sitting on a matching red-rimmed saucer. Notably, each teacup has a rectangular opening on its side, containing a black metal grate that resembles a small cage. At the beginning of the video, a green spherical object is clearly visible inside the grate of the left teacup, while the right teacup is empty. The two teacups and their saucers then begin to rotate horizontally around a vertical axis. As the rotation progresses, the grate openings on the teacups gradually turn away from the camera, eventually disappearing from view. When the teacups continue rotating and face the camera again, the green spherical object reappears inside the grate opening of the left teacup, while the right teacup remains empty. The entire process is shown through the uniform rotation of the objects."
ebc75ed6e3de95086e652be2837206809270990546b20f49f3d5a1e6ba0e151b.mp4,"In the video, two large teacup-shaped amusement rides are placed side-by-side on a flat white surface, against a backdrop of blue sky and white clouds. Each teacup sits on a matching saucer. The teacups are white with intricate red patterns on their exterior. A black metal fence is located to the left of the left teacup, and a similar black metal fence is to the right of the right teacup. Through the gaps in the fences, a green spherical object can be seen inside the left teacup, while the right teacup is empty.

At the beginning of the video, the two teacups begin to rotate slowly. The left teacup rotates counter-clockwise, and the right teacup rotates clockwise. During the rotation, the black fences move from the outer edges towards the center. The rotation also reveals the teacups' handles, which are white with red decorations. As they rotate, the handle of the left teacup appears on its right side, and the handle of the right teacup appears on its left side.

The two teacups continue to rotate, completing a full rotation. At the end of the video, the black fences return to their original positions, located at the far left and far right of the screen, facing outwards. At this point, the green spherical object inside the left teacup disappears, leaving the teacup empty, while a green sphere appears inside the right teacup. Throughout the entire rotation, the teacups remain in the same position on the white surface, only rotating around their respective vertical axes."
f084a168738c8c9f9595a98353e9ff16bb7d1e661987ff13505762e88741b68d.mp4,"This video showcases a 3D animated scene with a backdrop of snow-covered ground and a blue sky with white clouds. At the center of the frame is a large teacup-shaped amusement ride, resting on a matching circular tray.

Both the teacup and tray are white, decorated with red patterns along their edges and sides. The teacup has a unique modification: a large rectangular opening has been cut into its side, and a black metal fence composed of vertical metal bars has been installed. Inside the teacup, behind the fence, a solid magenta sphere is visible.

At the beginning of the video, the teacup is positioned so that the black fence and magenta sphere are directly facing the viewer. Throughout the video, the tray remains stationary. The teacup begins to rotate counterclockwise around its vertical axis. As it rotates, the fence and magenta sphere move to the left, revealing other parts of the teacup, including a curved handle and continuous red decorative patterns.

The teacup completes a 360-degree rotation. The handle sweeps across the viewer's field of vision from right to left. Finally, the black fence and the magenta sphere reappear from the right side of the frame. At the end of the video, the teacup returns to its initial position, with the fence and sphere centered and facing forward again. Throughout the rotation, the magenta sphere maintains a fixed position relative to the teacup."
f3da1fee9d5bde9518f9f22cf737cbc601c6dde311b3af13689cb87ece46f7bc.mp4,"This video showcases a hot air balloon rendered in a simple, low-polygon style, against a white background with a light blue horizon in the distance. The main objects include the large balloon itself, the basket suspended beneath it, and the distinct shadows these objects cast on the ground.

At the beginning of the video, the camera is positioned directly beneath the balloon, looking straight up at its spherical body. The sphere is decorated with spiraling red, white, and blue stripes, and a dark internal skeletal structure is visible. The basket is suspended below by thin, dark ropes or cables. A bright orange sphere is visible inside the basket.

As the video progresses, the camera pans downwards and zooms out, revealing the complete structure of the balloon. The basket is rectangular, brown, and has a woven texture, with sandbags attached to its four corners. A pink patterned flag adorns the side of the basket. The bright orange sphere inside the basket remains clearly visible throughout the descent.

Approximately halfway through the video, the balloon appears to land or hover above the white ground. The balloon's shadow—a large black circle—becomes very prominent on the ground directly beneath the basket.

Towards the end of the video, the camera's movement reverses. The camera zooms in and pans upwards, returning to the initial perspective beneath the balloon. The bright orange sphere remains visible inside the basket during the ascent. The video ends with the camera once again looking upwards at the interior of the striped balloon. Throughout the entire video, the balloon itself remains relatively stationary in terms of rotation, while the camera moves to change the perspective."
