key,time
video/34bccc188f289d984d88c24bd7a071de06dbb7d26d78cab14f1639851c41df24.mp4,7.167
video/04c1ec25e63edc25183d243a6202e9afd39d6d867a803499cb5b318ee3e8fb46.mp4,7.267
video/080aeff0ac23509a53bee6f685f5e8ca88fa0e7231786a4e9c29d3748a152370.mp4,7.233
video/0f8eb818bd7bed48614d6572dc54034f8cb40c3f616c098fcdc95273d624f878.mp4,7.267
video/1002905319b0ac6476b10fb962d1c82fc03666324e5fe26435bb66620eebf17a.mp4,7.55
video/1196c2cd68ae478556d3c4ba8a555387999b90cd11b55956b5134dcfb25c142a.mp4,7.133
video/122a7317bbce4f18c2554ca0cd86c6088d992cac89084af979d25a7e11f14ee5.mp4,7.35
video/132d3091c53527e3154bfd0c98526b64a7a6f35e6d5b918944066174bbb054c9.mp4,7.583
video/15660a01d0da7716e38af417e52a61f9c31148b5b4eabc1850b49cab6692f40d.mp4,7.783
video/179cfd14e886bc12ef1ac9ce585036c182bff50870eb0e1f382198f41b195012.mp4,5.767
video/19106a00496b4b5b291670f8ee463daaf95ed17f958e3ebdaa383a7e197ecbe6.mp4,6.4
video/1e6a916963d5ba5f72e51b8bd5d93e4343457265d9541d1032d6c87bfbd7e466.mp4,7.217
video/253669d6414066fd0c1ca625716d672344c3be36b735f56da5695bf8c3ba42ac.mp4,5.95
video/277f8147b3a594c33d313f1e8c7000d545990379dc9d6c1fb13b626320474259.mp4,6.433
video/29bb6f59e9c8765baae0c990187513b0de320037b1d1408540ebf5ed046387c3.mp4,7.133
video/2d5ff2200633c95f6982e7971f2960fd2a83432f510ac3b1d45722b15c9f1f83.mp4,7.217
video/2d71c4ce1323eeb92ec1239286a974dd24285931f8e158099b92dfb03fe7e5bd.mp4,7.333
video/40b790e8068d476218fd14a7d2217ffac7e8dd408df7b8f17d490f9f230e584c.mp4,7.55
video/4cc16b464b92bba7f4db58971b5363596dc309e7275dd4533464b3b008db6896.mp4,7.25
video/561c3ba7ac9ffe1022b1e3ec8f74e80dc3d7d6d0e51bb5b97859145d63b8c140.mp4,7.817
video/5872c0227d8a4b65d765ea9da1a75c46ae6fb9812f89a1ebe494ba0c908c6517.mp4,7.8
video/591b1bcecd825582910166e4519a56ec3827838a7faf59237f5d7170565aba44.mp4,5.95
video/613bda98c804e7e4c715ac5f7989e4314b788e582f99a585a7f364ffca1b69be.mp4,7.183
video/659834938f6b18cf5d6ba1514f2ae6047023bce59dcc6a09cec21a39d4ceeec5.mp4,7.033
video/6de22b6769adbcdf0ef1be6253f8cc5418e0c394d35771f463be632c6349cb01.mp4,7.583
video/7d58767ffb9d1beedffab7265c59911dcabe7eaec17e66729b7d2bff5ae0bd26.mp4,7.217
video/7fa2f0ef29977cae919a48ff365c050338e494a850dd721083315044087819df.mp4,6.817
video/837511d22de1e73f26aac1a815e25cbfdadef4c5b3a4926ea4bf217e7ac3c29d.mp4,7.05
video/88fdec3b88f1f9df00b7f9cbd68f5e67f1a6fd53f5abb773d30d0f1cd0d89630.mp4,7.267
video/89c5923fd9ffffab6e1460ac91309bbbfd03d19f41a08a9d8bfc304c25ef3b3e.mp4,7.133
video/937f0d80a7e74e320518efb7567f73d97cd2af601f5047e46015bd61e1ebe220.mp4,5.95
video/a193e9c4cad20c18e2d26cde21b574036509eb993bfa9a1f21432701f8972d7c.mp4,5.917
video/aea1c46ab8601ecf3a03dff8c3e6108c0f1908ee0a75eb908dab95c8f10ffee0.mp4,7.25
video/b1329f1f46961f2b4190e89137f81ec0c616d5ad41ec7e0b0541f244026c5441.mp4,6.367
video/b8ef9a57b5fdc369c94d6e10f32503e3f70484ad1a30527c1609401f846113e0.mp4,7.217
video/bc9d04d6e6ce93ed0bcde6357e2c10f54334e47002dbf7cfaa195e613296d1b7.mp4,7.217
video/c08b8ba3188ed519016203cebbba011a58245d7fd4cdb40cd911f0e15bb0883a.mp4,6.383
video/c308dfea1753c78955f5fe9585752bda4b8099c970f342582b92d318a9e7b97d.mp4,7.2
video/ca9ff607f474eed28a4c7d333572400f33b3a006bb91814a77b5fb5b753e2ef8.mp4,6.35
video/cd6736300dc251eb8dd1d86b54534b52cafee43bd68e9f927a5aac6a1c7249df.mp4,7.25
video/d386d692a5ed8bac3cc7facb605032f2de9a4a8a19561d98c1d9f7a760bdeea2.mp4,6.433
video/e27791affc0d85d89374a10a6e8f0930a2d0a009c0eaffd1a087928da0ebd1c4.mp4,5.75
video/e40af30878e19eaabac0ecfeb7654b844b830771357635b03af5f09fb1fc649c.mp4,7.3
video/e5b0981b36fc24321d8d3ff1729b0d995ff4b20a0f8c988b4b65fc6d54bf5cd9.mp4,6.35
video/e853c91d323330848e8f6bad3617cbfa2afa2cbc3698a7ff13db2a4b45206e73.mp4,6.983
video/ebc75ed6e3de95086e652be2837206809270990546b20f49f3d5a1e6ba0e151b.mp4,6.8
video/f084a168738c8c9f9595a98353e9ff16bb7d1e661987ff13505762e88741b68d.mp4,7.8
video/f3da1fee9d5bde9518f9f22cf737cbc601c6dde311b3af13689cb87ece46f7bc.mp4,6.4
