edge_density,keypoint_density,laplacian_variance,num_keypoints,visual_density,frame_id,time_sec
0.007232666015625,0.000759124755859375,86.44405530764197,199,1.2007428129436155,0,0.0
0.00762939453125,0.00067138671875,64.0867302861152,176,1.1067505838297818,10,0.16666666666666666
0.00910186767578125,0.000629425048828125,64.63861465033551,165,1.0922435987481838,20,0.3333333333333333
0.00927734375,0.000682830810546875,69.54473495481943,179,1.1280926711087722,30,0.5
0.00751495361328125,0.000659942626953125,58.77927411434939,173,1.0851148350595552,40,0.6666666666666666
0.00566864013671875,0.000522613525390625,36.13680986216059,137,0.9342345976712636,50,0.8333333333333334
0.009502410888671875,0.00040435791015625,41.217613144777715,106,0.9141116298309768,60,1.0
0.01062774658203125,0.0004425048828125,32.8647003005608,116,0.8857276883176715,70,1.1666666666666667
0.0101470947265625,0.0006561279296875,36.2154577558249,172,0.9898548509737322,80,1.3333333333333333
0.007823944091796875,0.001129150390625,31.534560158790555,296,1.151250316654485,90,1.5
0.0073394775390625,0.001667022705078125,33.839695926522836,437,1.3798963578937693,100,1.6666666666666667
0.00933837890625,0.0019073486328125,33.26127854162769,500,1.473477966884742,110,1.8333333333333333
0.010730743408203125,0.0019073486328125,40.41934901638888,500,1.5119813783272213,120,2.0
0.01154327392578125,0.0019073486328125,45.579692786428495,500,1.5357896965028908,130,2.1666666666666665
0.0139312744140625,0.0019073486328125,54.50728742835054,500,1.5718148263202179,140,2.3333333333333335
0.015262603759765625,0.0019073486328125,66.5961619750451,500,1.611754735812915,150,2.5
0.016452789306640625,0.0019073486328125,78.52617703912256,500,1.6447378165266302,160,2.6666666666666665
0.01677703857421875,0.0019073486328125,82.31582917772175,500,1.6541779800073346,170,2.8333333333333335
0.01849365234375,0.0019073486328125,88.47895798436366,500,1.6691376123263055,180,3.0
0.01889801025390625,0.0019073486328125,92.41635661944747,500,1.677911948088068,190,3.1666666666666665
0.01922607421875,0.0019073486328125,96.57003293931484,500,1.6867439641558102,200,3.3333333333333335
0.019107818603515625,0.0019073486328125,92.11824936627818,500,1.6773566173755365,210,3.5
0.0168304443359375,0.0019073486328125,86.7451127612585,500,1.6645588640126863,220,3.6666666666666665
0.01507568359375,0.0019073486328125,81.52378398593282,500,1.651587035068785,230,3.8333333333333335
0.014339447021484375,0.0019073486328125,76.4115654683992,500,1.638502470751444,240,4.0
0.01473236083984375,0.0019073486328125,93.51325606658065,500,1.6785804175606962,250,4.166666666666667
0.013019561767578125,0.0019073486328125,75.81744671611523,500,1.6364336348594317,260,4.333333333333333
0.013660430908203125,0.0019073486328125,80.76335525394825,500,1.6491694581793208,270,4.5
0.01458740234375,0.0019073486328125,80.29723766933603,500,1.6483968218564193,280,4.666666666666667
0.01622772216796875,0.0019073486328125,85.72247405162489,500,1.661973155287683,290,4.833333333333333
0.018680572509765625,0.0019073486328125,108.36048888950609,500,1.7093416147020475,300,5.0
0.020458221435546875,0.0019073486328125,106.59049205272458,500,1.7067891976994407,310,5.166666666666667
0.020473480224609375,0.0019073486328125,108.16857528686523,500,1.7097074951744768,320,5.333333333333333
0.019622802734375,0.0019073486328125,112.72183191211661,500,1.717539653343445,330,5.5
0.01959991455078125,0.0019073486328125,105.94502626637404,500,1.7052424047900665,340,5.666666666666667
0.019012451171875,0.0019073486328125,108.48175810277462,500,1.709696022135696,350,5.833333333333333
0.018283843994140625,0.0019073486328125,106.3724592718645,500,1.7055137342886475,360,6.0
0.01813507080078125,0.0019073486328125,106.24009320906771,500,1.70520751795144,370,6.166666666666667
0.0170745849609375,0.0019073486328125,101.13926990237087,500,1.6950367417463852,380,6.333333333333333
0.016300201416015625,0.0019073486328125,90.47036686114734,500,1.67266254576874,390,6.5
0.01596832275390625,0.0019073486328125,90.46969603002071,500,1.672528327525945,400,6.666666666666667
0.014377593994140625,0.0019073486328125,82.28926072450122,500,1.653154414319935,410,6.833333333333333
0.0134429931640625,0.0019073486328125,77.24706872779643,500,1.6402909240648165,420,7.0
0.017215728759765625,0.00188446044921875,102.18544375766942,494,1.6879760300392752,430,7.166666666666667
0.01862335205078125,0.001300811767578125,146.27972026552015,341,1.5262407753685945,440,7.333333333333333
0.013362884521484375,0.000621795654296875,129.30170429911232,163,1.2280339282981951,450,7.5
0.00775909423828125,0.000637054443359375,111.58572749244922,167,1.2026684057606842,460,7.666666666666667
0.00762176513671875,0.000446319580078125,89.56978146707115,117,1.0828006619902881,470,7.833333333333333
0.00778961181640625,0.00046539306640625,93.75011976523092,122,1.0995216928840081,480,8.0
0.00797271728515625,0.000438690185546875,95.24692150983901,115,1.0920485588014173,490,8.166666666666666
0.008121490478515625,0.00052642822265625,119.85370153862459,138,1.1727360324296685,500,8.333333333333334
0.0064849853515625,0.000579833984375,108.34863638503884,152,1.1734358432622065,510,8.5
0.006683349609375,0.000591278076171875,108.583270883988,155,1.178521515301249,520,8.666666666666666
0.006786346435546875,0.00058746337890625,110.48178088269196,154,1.1804721256154556,530,8.833333333333334
0.006793975830078125,0.000576019287109375,111.66105266298109,151,1.1780020606034518,540,9.0
0.00685882568359375,0.000560760498046875,129.84225787709875,147,1.2018462213524503,550,9.166666666666666
0.00685882568359375,0.00055694580078125,130.74151944064943,146,1.2016902139414987,560,9.333333333333334
0.00719451904296875,0.00055694580078125,130.94267984456383,146,1.2021296448643926,570,9.5
0.006595611572265625,0.000591278076171875,131.1329078021081,155,1.2159111337604827,580,9.666666666666666
0.006595611572265625,0.00060272216796875,131.3827170632867,158,1.2208665316577245,590,9.833333333333334
0.00662994384765625,0.000591278076171875,131.32462685332575,155,1.2162148475706784,600,10.0
0.006591796875,0.0006103515625,131.89698789821705,160,1.2246922039579224,610,10.166666666666666
0.00656890869140625,0.0005950927734375,131.52758023043862,156,1.2180228281411762,620,10.333333333333334
0.00659942626953125,0.000598907470703125,131.67546078463783,157,1.2197839591372248,630,10.5
